entry_idx,exit_idx,entry_time,exit_time,entry_price,exit_price,reason,pnl_pct,equity_after
457,457,2019-04-03,2019-04-03,163.34162999999998,153.6520337516998,stop_loss,-0.05932104539608296,979.1805490445809
458,462,2019-04-04,2019-04-08,160.03997999999999,183.92447367184317,take_profit,0.14924079390564282,1017.6355804056716
463,465,2019-04-09,2019-04-11,178.799355,164.53990852182102,stop_loss,-0.07975110692194032,996.6718046390147
466,495,2019-04-12,2019-05-11,164.14203,195.50088984220972,take_profit,0.19104710622995036,1035.9589333692952
496,499,2019-05-12,2019-05-15,190.2951,223.1429589935294,take_profit,0.17261536946316225,1076.7371516018761
500,501,2019-05-16,2019-05-17,248.18402999999998,225.6294534566818,stop_loss,-0.09087843622862513,1054.6394342827728
502,537,2019-05-18,2019-06-22,244.432155,300.2529555580691,take_profit,0.22836930173147274,1096.3012726630097
538,541,2019-06-23,2019-06-26,310.85535,357.47035714331327,take_profit,0.14995722976398285,1139.3594309427228
542,542,2019-06-27,2019-06-27,339.69976499999996,312.5679154580372,stop_loss,-0.07987008628623216,1115.8891629066616
543,556,2019-06-28,2019-07-11,298.499175,266.13987162157025,stop_loss,-0.108406676093593,1093.0881449044239
557,559,2019-07-12,2019-07-14,268.804335,236.00670621664597,stop_loss,-0.12201302030100825,1070.809696210144
560,561,2019-07-15,2019-07-16,225.942915,192.19535621012707,stop_loss,-0.14936320879932408,1049.0662052913506
562,590,2019-07-17,2019-08-14,199.03947,187.00645,trend_break,-0.060455446349409914,1041.9809130544015
596,596,2019-08-20,2019-08-20,202.34112,196.5017,trend_break,-0.028859284756355907,1035.2770876002478
625,630,2019-09-18,2019-09-23,207.95392499999997,201.189355,trend_break,-0.0325291768356859,1025.2842313619426
760,766,2020-01-31,2020-02-06,184.802355,211.13831271068608,take_profit,0.14250877761101077,1065.5176678801486
767,772,2020-02-07,2020-02-12,213.26657999999998,243.2626466205359,take_profit,0.1406505727270344,1107.3201130272237
773,776,2020-02-13,2020-02-16,265.87287,245.96127878503918,stop_loss,-0.07489139909220821,1084.4631874184643
777,786,2020-02-17,2020-02-26,259.01944499999996,233.2926644474302,stop_loss,-0.09932374209422679,1062.2581451952233
787,798,2020-02-27,2020-03-09,224.09198999999998,194.28963064311344,stop_loss,-0.1329916315031454,1040.6442425381524
799,801,2020-03-10,2020-03-12,202.891395,173.77547543086587,stop_loss,-0.1435049503658552,1019.4989722385974
829,829,2020-04-09,2020-04-09,173.236575,169.43524000000002,trend_break,-0.02194302790851166,1015.6460057460196
837,837,2020-04-17,2020-04-17,172.396155,170.604655,trend_break,-0.010391763087755579,1013.515484458811
839,840,2020-04-19,2020-04-20,187.4937,167.15890191720098,stop_loss,-0.10845590055985355,992.8064868345887
843,850,2020-04-23,2020-04-30,182.79134999999997,222.98500378511932,take_profit,0.21988816092839936,1032.0090322045658
851,860,2020-05-01,2020-05-10,206.17303499999997,185.70133990127167,stop_loss,-0.0992937563281654,1010.8778622879558
861,880,2020-05-11,2020-05-30,187.71381,229.42724307132337,take_profit,0.22221824314004057,1050.7987800664216
881,883,2020-05-31,2020-06-02,243.831855,224.8950836045346,stop_loss,-0.0776632380353478,1029.1339010842419
884,908,2020-06-03,2020-06-27,237.828855,216.1109018641837,stop_loss,-0.09131757008970298,1008.0158892951602
909,933,2020-06-28,2020-07-22,221.05047,252.8881530845542,take_profit,0.14402902235201864,1047.5791034479003
934,936,2020-07-23,2020-07-25,263.881875,291.48854758204106,take_profit,0.10461753988234723,1088.423552510099
937,942,2020-07-26,2020-07-31,305.462655,341.90153854219085,take_profit,0.11929079691326216,1130.9872432480252
943,943,2020-08-01,2020-08-01,346.49316,392.2733797621362,take_profit,0.13212445452642174,1175.3067189352514
944,944,2020-08-02,2020-08-02,387.20350499999995,360.36273673150816,stop_loss,-0.06931953849046846,1150.9825248283905
945,956,2020-08-03,2020-08-14,372.63622499999997,441.3956250600562,take_profit,0.1845215130656077,1196.3311449073808
957,961,2020-08-15,2020-08-19,438.33905999999996,399.96871190955756,stop_loss,-0.08753577217244202,1171.7536169467535
962,967,2020-08-20,2020-08-25,407.66372999999993,369.92733861282846,stop_loss,-0.0925674486351078,1147.7177748029098
968,974,2020-08-26,2020-09-01,383.101455,457.2981989765961,take_profit,0.19367387674525038,1192.9669820435015
975,975,2020-09-02,2020-09-02,475.63769999999994,436.25544398605194,stop_loss,-0.0827988530218442,1168.419149349438
976,976,2020-09-03,2020-09-03,439.71975,396.5772729370483,stop_loss,-0.09811357589226244,1144.4877340021098
977,978,2020-09-04,2020-09-05,381.540675,333.0652619165449,stop_loss,-0.1270517568892363,1121.180437305933
979,1040,2020-09-06,2020-11-06,335.20752,445.4434798784329,take_profit,0.32885885101394186,1165.6202316227455
1041,1055,2020-11-07,2020-11-21,456.137955,521.3886420630796,take_profit,0.1430503345486338,1211.3637012115832
1056,1056,2020-11-22,2020-11-22,552.69621,512.017782292773,stop_loss,-0.07359997584790201,1186.3447694815297
1057,1060,2020-11-23,2020-11-26,560.3100149999999,515.0602289332891,stop_loss,-0.08075848165360888,1161.914892345656
1061,1065,2020-11-27,2020-12-01,520.089915,635.095190525352,take_profit,0.22112575577504123,1207.7978944288677
1066,1091,2020-12-02,2020-12-27,585.5526299999999,711.9202497380202,take_profit,0.21580915747576834,1255.4793907785634
1092,1098,2020-12-28,2021-01-03,685.44255,819.8506684663517,take_profit,0.1960895460405132,1304.9850799500866
1099,1099,2021-01-04,2021-01-04,978.819165,1160.6598646701702,take_profit,0.18577558161130847,1356.4061335631166
1100,1102,2021-01-05,2021-01-07,1041.970725,1269.2205943006936,take_profit,0.21809621311644212,1409.9609483508532
1103,1103,2021-01-08,2021-01-08,1225.4724299999998,1086.4819440309843,stop_loss,-0.11341788078334447,1381.1801208431132
1104,1106,2021-01-09,2021-01-11,1217.32836,1065.8711826555573,stop_loss,-0.12441768574622114,1353.041032654705
1107,1120,2021-01-12,2021-01-25,1087.5435,1462.4766906113564,take_profit,0.34475236219181715,1406.689893711585
1121,1135,2021-01-26,2021-02-09,1318.2587999999998,1776.144775533581,take_profit,0.34734148979971247,1462.4689938075026
1136,1149,2021-02-10,2021-02-23,1770.02457,1544.963027923016,stop_loss,-0.12715164856552474,1432.6865186236919
1150,1154,2021-02-24,2021-02-28,1578.5788949999999,1319.0372225723786,stop_loss,-0.16441476143491784,1403.6390385802376
1155,1167,2021-03-01,2021-03-13,1419.379335,1934.450857429462,take_profit,0.362885036951353,1459.3144124987703
1168,1176,2021-03-14,2021-03-22,1923.3111749999998,1694.554486285253,stop_loss,-0.11893899005435082,1429.556258611241
1177,1187,2021-03-23,2021-04-02,1682.010585,2068.3685969062385,take_profit,0.22970010733091706,1486.032192908866
1188,1192,2021-04-03,2021-04-07,2134.756845,1945.4460031210235,stop_loss,-0.08868028334111111,1455.5140946597849
1193,1199,2021-04-08,2021-04-14,1964.44173,2353.4487330335082,take_profit,0.19802420051090452,1512.9147027690415
1200,1203,2021-04-15,2021-04-18,2433.806295,2242.2002189873388,stop_loss,-0.07872692103981149,1481.735453964738
1204,1213,2021-04-19,2021-04-28,2236.767825,2710.2086470071363,take_profit,0.21166292572504086,1540.2180913485113
1214,1218,2021-04-29,2021-05-03,2749.604115,3352.73745425732,take_profit,0.21935279190448842,1601.0343551469823
1219,1225,2021-05-04,2021-05-10,3432.7555199999997,4055.3993344132264,take_profit,0.18138309319890822,1664.100060769117
1226,1228,2021-05-11,2021-05-13,3948.603315,3539.151876172575,stop_loss,-0.10369525783255962,1630.0622431555546
1229,1232,2021-05-14,2021-05-17,3719.7789599999996,3229.936602937155,stop_loss,-0.13168587766377515,1596.8890390732286
1233,1234,2021-05-18,2021-05-19,3283.8911249999996,2726.532674883899,stop_loss,-0.16972500880829322,1564.527655038255
1235,1238,2021-05-20,2021-05-23,2440.13946,1760.979214596232,stop_loss,-0.2783284548022382,1533.0026555780298
1239,1271,2021-05-24,2021-06-25,2097.678315,1807.91559,trend_break,-0.13813496708621886,1521.1094220982104
1274,1289,2021-06-28,2021-07-13,1983.261135,1939.1799250000001,trend_break,-0.02222662927340624,1517.1075997350943
1300,1308,2021-07-24,2021-08-01,2125.32213,2605.097510388478,take_profit,0.22574242916695075,1577.0308097065247
1309,1314,2021-08-02,2021-08-07,2556.7777499999997,3020.3607284300306,take_profit,0.1813153209855769,1639.1506782732893
1315,1339,2021-08-08,2021-09-01,3162.06024,3734.8008674712396,take_profit,0.18112894252490275,1703.71654860618
1340,1345,2021-09-02,2021-09-07,3828.73341,3514.3495421848565,stop_loss,-0.08211171532445327,1668.6502485389162
1346,1358,2021-09-08,2021-09-20,3436.55742,3062.928787630269,stop_loss,-0.10872177784526316,1634.5568858313525
1359,1382,2021-09-21,2021-10-14,2978.80866,3726.1778651014674,take_profit,0.2508953378366596,1699.1913818189082
1383,1397,2021-10-15,2021-10-29,3792.71541,4446.986260437169,take_profit,0.17250723550522595,1766.0756565267106
1398,1417,2021-10-30,2021-11-18,4421.099445,4047.3523865223046,stop_loss,-0.0845371299893245,1729.7570723956185
1418,1429,2021-11-19,2021-11-30,3998.8984499999997,4748.136121782022,take_profit,0.1873610148269762,1797.9234846507875
1430,1432,2021-12-01,2021-12-03,4632.565125,4204.9643998584215,stop_loss,-0.09230323019831876,1761.0403933430152
1433,1433,2021-12-04,2021-12-04,4217.117505,3764.2583777849504,stop_loss,-0.10738593996447099,1725.0491814299558
1434,1458,2021-12-05,2021-12-29,4119.308625,3619.9938844365606,stop_loss,-0.12121323892390778,1689.8859085128659
1459,1467,2021-12-30,2022-01-07,3631.9950899999994,3284.75551913475,stop_loss,-0.09560573796514948,1655.2510670379797
1554,1555,2022-04-04,2022-04-05,3523.66095,3405.286505,trend_break,-0.03359416433070839,1637.6044198082568
1838,1839,2023-01-13,2023-01-14,1416.617955,1541.1149813793359,take_profit,0.08788327575541421,1701.1588256691684
1840,1858,2023-01-15,2023-02-02,1550.684955,1702.6974498709963,take_profit,0.09802925757475744,1767.3777996454803
1859,1865,2023-02-03,2023-02-09,1643.9415599999998,1533.4247745786015,stop_loss,-0.06722671177033701,1730.759833671479
1866,1893,2023-02-10,2023-03-09,1546.1226749999998,1436.361025893987,stop_loss,-0.07099155253383294,1694.9697653662924
1894,1897,2023-03-10,2023-03-13,1438.03866,1636.7970093393515,take_profit,0.13821488591923647,1761.4458378437057
1898,1920,2023-03-14,2023-04-05,1674.27672,1903.327139922886,take_profit,0.1368055932372314,1830.5160523936956
1921,1941,2023-04-06,2023-04-26,1909.63434,1790.9144106532256,stop_loss,-0.062168933004616234,1792.4775196170801
1942,1986,2023-04-27,2023-06-10,1866.9430049999999,1737.0444638128572,stop_loss,-0.0695782039619054,1755.3852074317747
1987,1990,2023-06-11,2023-06-14,1752.3957599999999,1658.0222956952307,stop_loss,-0.05385396749919613,1718.6862614645056
1991,1997,2023-06-15,2023-06-21,1651.775475,1838.7620369660262,take_profit,0.11320337709096107,1785.820130536977
1998,2054,2023-06-22,2023-08-17,1890.0445499999998,1790.6811502847625,stop_loss,-0.05257198816569553,1748.4437239861677
2123,2125,2023-10-25,2023-10-27,1785.87249,1778.5103000000001,trend_break,-0.0041224611730257266,1743.8627632891303
2128,2138,2023-10-30,2023-11-09,1796.03757,1965.119679125053,take_profit,0.0941417439976231,1811.6713729154135
2139,2141,2023-11-10,2023-11-12,2122.390665,2017.0466304362556,stop_loss,-0.04963461077216169,1773.649988150626
2142,2143,2023-11-13,2023-11-14,2045.712345,1942.7889923347727,stop_loss,-0.05031174246798964,1736.4510729335566
2144,2162,2023-11-15,2023-12-03,1980.3897,2200.419590912969,take_profit,0.11110434017757664,1804.2501532563138
2163,2187,2023-12-04,2023-12-28,2194.0564799999997,2416.202570233021,take_profit,0.10124902993974949,1874.539945820615
2188,2193,2023-12-29,2024-01-03,2345.322075,2198.0354945942245,stop_loss,-0.06280015097959435,1835.6019747779728
2194,2200,2024-01-04,2024-01-10,2210.8248599999997,2530.914433574945,take_profit,0.14478287238680032,1907.6533710953809
2201,2212,2024-01-11,2024-01-22,2585.6621849999997,2403.5783336897935,stop_loss,-0.07042058795093775,1868.1943118421093
2213,2233,2024-01-23,2024-02-12,2315.347095,2645.3655464493436,take_profit,0.14253519576482487,1941.5048360422002
2234,2240,2024-02-13,2024-02-19,2661.319995,2921.799698381471,take_profit,0.09787613059340927,2017.076406557935
2241,2248,2024-02-20,2024-02-27,2946.2724,3245.0813712913905,take_profit,0.10141932948609589,2095.660772616266
2249,2254,2024-02-28,2024-03-04,3243.9711749999997,3584.1741639217917,take_profit,0.10487238343657346,2177.374083703029
2255,2255,2024-03-05,2024-03-05,3629.563875,3425.0068393998463,stop_loss,-0.05635857162044122,2131.944259355446
2256,2261,2024-03-06,2024-03-11,3555.4368299999996,4063.408078387072,take_profit,0.14287168431764052,2215.6081913667444
2262,2264,2024-03-12,2024-03-14,4066.8324,3778.274235232082,stop_loss,-0.07095403409491818,2169.7911956209064
2265,2265,2024-03-15,2024-03-15,3883.6308449999997,3581.9853129981575,stop_loss,-0.07767101046439495,2125.0555946031495
2266,2267,2024-03-16,2024-03-17,3744.061095,3424.9101144145393,stop_loss,-0.08524192647701989,2081.3652511315886
2268,2269,2024-03-18,2024-03-19,3646.5223499999997,3311.511245475942,stop_loss,-0.09187139755884344,2038.6622045528093
2270,2334,2024-03-20,2024-05-23,3160.229325,3856.274294556794,take_profit,0.22025141151957195,2119.1635497584657
2335,2353,2024-05-24,2024-06-11,3785.4918,3492.4418097333128,stop_loss,-0.07741398099625707,2075.4671774670883
2354,2366,2024-06-12,2024-06-24,3499.0786649999995,3286.013116778171,stop_loss,-0.06089190001729461,2032.3029474330226
2367,2376,2024-06-25,2024-07-04,3354.4163699999995,3147.140895288868,stop_loss,-0.06179181468492889,1990.06110661693
2385,2397,2024-07-13,2024-07-25,3135.456945,3173.89226,trend_break,0.01225828186264577,1995.89494390534
2399,2404,2024-07-27,2024-08-01,3276.2373,3201.7983000000004,trend_break,-0.022720881665073356,1981.532080401481
2504,2506,2024-11-09,2024-11-11,2963.2308749999997,3338.819644266043,take_profit,0.12674974887538704,2059.118402000079
2507,2508,2024-11-12,2024-11-13,3373.275795,3153.7131852587163,stop_loss,-0.06508884036897544,2016.4048823160128
2509,2522,2024-11-14,2024-11-27,3188.7535799999996,3655.4877174355042,take_profit,0.14636883212389984,2095.5681654927757
2523,2544,2024-11-28,2024-12-19,3655.096635,3365.3001979757055,stop_loss,-0.07928557462730246,2052.390660391338
2545,2569,2024-12-20,2025-01-13,3418.718505,3091.1375685599346,stop_loss,-0.09581980381273458,2010.3285704244
2570,2589,2025-01-14,2025-02-02,3139.078755,2863.099673036491,stop_loss,-0.08791722142170633,1969.0332465622737
2717,2719,2025-06-10,2025-06-12,2681.470065,2641.328675,trend_break,-0.014969919121584407,1960.3126208344504
2740,2741,2025-07-03,2025-07-04,2571.6952049999995,2506.78598,trend_break,-0.025239859246850127,1946.8968018483408
2743,2747,2025-07-06,2025-07-10,2517.67821,2893.040698781193,take_profit,0.1490907326004911,2023.3553277299625
2748,2753,2025-07-11,2025-07-16,2952.765645,3353.578532000915,take_profit,0.13574151666239498,2102.6840955233147
2754,2757,2025-07-17,2025-07-20,3373.0356749999996,3808.0795008781392,take_profit,0.1289769417805342,2185.042493536364
2758,2761,2025-07-21,2025-07-24,3758.5683449999997,3519.8628871116343,stop_loss,-0.06350967601957103,2139.6744922382572
2762,2769,2025-07-25,2025-08-01,3708.8034749999997,3448.126035709623,stop_loss,-0.07028612894900743,2095.413221425541
2770,2776,2025-08-02,2025-08-08,3489.954105,4020.640685505967,take_profit,0.15206119179208155,2177.7315383702608
2777,2780,2025-08-09,2025-08-12,4011.514755,4565.309585999423,take_profit,0.1380513010226787,2263.139492516464
2781,2786,2025-08-13,2025-08-18,4592.81526,4275.026232784564,stop_loss,-0.06919264312308449,2216.298433222194
2787,2824,2025-08-19,2025-09-25,4315.146495,3985.18374731577,stop_loss,-0.07646617514991927,2170.5812120130863
2825,2831,2025-09-26,2025-10-02,3876.2871749999995,4426.883483093356,take_profit,0.14204218708159977,2255.7525707433033
2832,2839,2025-10-03,2025-10-10,4486.592175,4216.897244555494,stop_loss,-0.06011130941369902,2208.814442746245
2840,2864,2025-10-11,2025-11-04,3831.6348599999997,3464.573743485028,stop_loss,-0.095797519838561,2163.5463028793292
2866,2866,2025-11-06,2025-11-06,3426.002145,3313.48243,trend_break,-0.03284286180737339,2149.261881226789
2868,2868,2025-11-08,2025-11-08,3437.7580199999998,3399.8092450000004,trend_break,-0.011038815058891038,2143.9491153631297
2870,2871,2025-11-10,2025-11-11,3585.25173,3416.0511200000005,trend_break,-0.047193509059404115,2122.604443419657
3153,3154,2026-08-20,2026-08-21,2253.936405,2473.144020770014,take_profit,0.09725545728962737,2205.211485941281
3155,3156,2026-08-22,2026-08-23,2517.568155,2383.7983833425133,stop_loss,-0.05313451848038908,2159.0800227763657
